Source,Emissions
Residential,290621.617066
Industrial,380318.180858
Commercial,221757.03543400002
Total,892696.833358
